ID	bsite_area
c<A>r<3>R<ALA>A<N>	0.669985
c<A>r<3>R<ALA>A<CA>	0.00338879
c<A>r<3>R<ALA>A<C>	2.52419
c<A>r<3>R<ALA>A<O>	19.4077
c<A>r<3>R<ALA>A<CB>	23.3484
c<A>r<4>R<GLY>A<N>	1.29259
c<A>r<4>R<GLY>A<CA>	21.8541
c<A>r<4>R<GLY>A<C>	2.54678
c<A>r<4>R<GLY>A<O>	18.5656
c<A>r<5>R<GLU>A<CA>	5.46029
c<A>r<5>R<GLU>A<CG>	8.20345
c<A>r<5>R<GLU>A<CD>	5.15288
c<A>r<5>R<GLU>A<OE1>	7.60461
c<A>r<5>R<GLU>A<OE2>	21.1009
c<A>r<6>R<ASP>A<N>	0.93779
c<A>r<6>R<ASP>A<OD2>	1.27651
c<A>r<34>R<VAL>A<O>	0.798001
c<A>r<35>R<GLU>A<CA>	6.11794
c<A>r<35>R<GLU>A<C>	1.1802
c<A>r<35>R<GLU>A<CB>	8.54647
c<A>r<35>R<GLU>A<CG>	4.93466
c<A>r<35>R<GLU>A<CD>	4.30807
c<A>r<35>R<GLU>A<OE1>	4.67075
c<A>r<35>R<GLU>A<OE2>	7.82567
c<A>r<36>R<GLU>A<N>	0.858476
c<A>r<36>R<GLU>A<O>	6.94708
c<A>r<37>R<GLU>A<CA>	7.58492e-05
c<A>r<37>R<GLU>A<CG>	1.02851
c<A>r<37>R<GLU>A<CD>	4.98986
c<A>r<37>R<GLU>A<OE1>	22.0229
c<A>r<37>R<GLU>A<OE2>	15.3238
c<A>r<40>R<PHE>A<CE1>	3.76115
c<A>r<40>R<PHE>A<CE2>	0.489654
c<A>r<40>R<PHE>A<CZ>	11.5277
c<A>r<42>R<ARG>A<NE>	1.75569
c<A>r<42>R<ARG>A<CZ>	4.65457
c<A>r<42>R<ARG>A<NH1>	14.2252
c<A>r<42>R<ARG>A<NH2>	24.3587
c<A>r<87>R<GLN>A<CB>	2.11107
c<A>r<87>R<GLN>A<CG>	12.9417
c<A>r<87>R<GLN>A<CD>	5.25796
c<A>r<87>R<GLN>A<OE1>	3.54262
c<A>r<87>R<GLN>A<NE2>	5.44729
c<A>r<88>R<ILE>A<O>	3.56199
c<A>r<89>R<GLN>A<CA>	5.73388
c<A>r<89>R<GLN>A<C>	0.0925683
c<A>r<89>R<GLN>A<O>	15.2806
c<A>r<89>R<GLN>A<CB>	9.32896
c<A>r<89>R<GLN>A<CG>	3.74635
c<A>r<89>R<GLN>A<CD>	2.70768
c<A>r<89>R<GLN>A<OE1>	3.04413
c<A>r<89>R<GLN>A<NE2>	26.4868
c<A>r<90>R<HIS>A<CB>	13.5073
c<A>r<90>R<HIS>A<CD2>	14.6824
c<A>r<90>R<HIS>A<NE2>	5.6041
c<A>r<92>R<LEU>A<CB>	4.9751
c<A>r<92>R<LEU>A<CG>	0.0965914
c<A>r<92>R<LEU>A<CD1>	6.78847
c<A>r<92>R<LEU>A<CD2>	31.7261
c<A>r<93>R<MET>A<N>	1.16393
c<A>r<93>R<MET>A<C>	0.81573
c<A>r<93>R<MET>A<O>	17.8212
c<A>r<93>R<MET>A<CB>	7.63226
c<A>r<93>R<MET>A<CG>	1.28919
c<A>r<94>R<VAL>A<CA>	4.74923
c<A>r<94>R<VAL>A<CB>	0.00654638
c<A>r<94>R<VAL>A<CG1>	4.25226
c<A>r<94>R<VAL>A<CG2>	6.83927
c<A>r<95>R<ARG>A<N>	6.96742
c<A>r<95>R<ARG>A<CA>	6.22972
c<A>r<95>R<ARG>A<CG>	0.986872
c<A>r<95>R<ARG>A<CD>	8.18095
c<A>r<95>R<ARG>A<NE>	8.40855
c<A>r<95>R<ARG>A<CZ>	5.81777
c<A>r<95>R<ARG>A<NH1>	11.7828
c<A>r<95>R<ARG>A<NH2>	21.8992
c<A>r<96>R<GLY>A<N>	5.22277
c<A>r<101>R<LEU>A<CD2>	18.17
c<A>r<103>R<LYS>A<CD>	9.14906
c<A>r<103>R<LYS>A<CE>	4.01667
c<A>r<103>R<LYS>A<NZ>	24.2647
c<A>r<105>R<LEU>A<CD1>	0.319017
c<A>r<105>R<LEU>A<CD2>	15.5465
c<A2>r<3>R<ALA>A<N>	0.670389
c<A2>r<3>R<ALA>A<CA>	0.00373351
c<A2>r<3>R<ALA>A<C>	2.52688
c<A2>r<3>R<ALA>A<O>	19.4155
c<A2>r<3>R<ALA>A<CB>	23.3352
c<A2>r<4>R<GLY>A<N>	1.2981
c<A2>r<4>R<GLY>A<CA>	21.8391
c<A2>r<4>R<GLY>A<C>	2.54681
c<A2>r<4>R<GLY>A<O>	18.5773
c<A2>r<5>R<GLU>A<CA>	5.45978
c<A2>r<5>R<GLU>A<CG>	8.20541
c<A2>r<5>R<GLU>A<CD>	5.15339
c<A2>r<5>R<GLU>A<OE1>	7.59472
c<A2>r<5>R<GLU>A<OE2>	21.0981
c<A2>r<6>R<ASP>A<N>	0.940757
c<A2>r<6>R<ASP>A<OD2>	1.2802
c<A2>r<34>R<VAL>A<O>	0.800757
c<A2>r<35>R<GLU>A<CA>	6.11428
c<A2>r<35>R<GLU>A<C>	1.18615
c<A2>r<35>R<GLU>A<CB>	8.54144
c<A2>r<35>R<GLU>A<CG>	4.93928
c<A2>r<35>R<GLU>A<CD>	4.31214
c<A2>r<35>R<GLU>A<OE1>	4.66787
c<A2>r<35>R<GLU>A<OE2>	7.8249
c<A2>r<36>R<GLU>A<N>	0.859592
c<A2>r<36>R<GLU>A<O>	6.93984
c<A2>r<37>R<GLU>A<CA>	4.88015e-05
c<A2>r<37>R<GLU>A<CG>	1.0317
c<A2>r<37>R<GLU>A<CD>	4.98782
c<A2>r<37>R<GLU>A<OE1>	22.0295
c<A2>r<37>R<GLU>A<OE2>	15.3202
c<A2>r<40>R<PHE>A<CE1>	3.75706
c<A2>r<40>R<PHE>A<CE2>	0.490134
c<A2>r<40>R<PHE>A<CZ>	11.5222
c<A2>r<42>R<ARG>A<NE>	1.75688
c<A2>r<42>R<ARG>A<CZ>	4.66678
c<A2>r<42>R<ARG>A<NH1>	14.2255
c<A2>r<42>R<ARG>A<NH2>	24.3601
c<A2>r<87>R<GLN>A<CB>	2.11799
c<A2>r<87>R<GLN>A<CG>	12.9414
c<A2>r<87>R<GLN>A<CD>	5.24626
c<A2>r<87>R<GLN>A<OE1>	3.54555
c<A2>r<87>R<GLN>A<NE2>	5.45447
c<A2>r<88>R<ILE>A<O>	3.56375
c<A2>r<89>R<GLN>A<CA>	5.73254
c<A2>r<89>R<GLN>A<C>	0.0929578
c<A2>r<89>R<GLN>A<O>	15.2819
c<A2>r<89>R<GLN>A<CB>	9.3349
c<A2>r<89>R<GLN>A<CG>	3.74763
c<A2>r<89>R<GLN>A<CD>	2.71261
c<A2>r<89>R<GLN>A<OE1>	3.04242
c<A2>r<89>R<GLN>A<NE2>	26.4881
c<A2>r<90>R<HIS>A<CB>	13.501
c<A2>r<90>R<HIS>A<CD2>	14.6813
c<A2>r<90>R<HIS>A<NE2>	5.60471
c<A2>r<92>R<LEU>A<CB>	4.97628
c<A2>r<92>R<LEU>A<CG>	0.098091
c<A2>r<92>R<LEU>A<CD1>	6.78454
c<A2>r<92>R<LEU>A<CD2>	31.7249
c<A2>r<93>R<MET>A<N>	1.16437
c<A2>r<93>R<MET>A<C>	0.813426
c<A2>r<93>R<MET>A<O>	17.8191
c<A2>r<93>R<MET>A<CB>	7.63946
c<A2>r<93>R<MET>A<CG>	1.28925
c<A2>r<94>R<VAL>A<CA>	4.74818
c<A2>r<94>R<VAL>A<CB>	0.00635264
c<A2>r<94>R<VAL>A<CG1>	4.24912
c<A2>r<94>R<VAL>A<CG2>	6.8487
c<A2>r<95>R<ARG>A<N>	6.96525
c<A2>r<95>R<ARG>A<CA>	6.23523
c<A2>r<95>R<ARG>A<CG>	0.993875
c<A2>r<95>R<ARG>A<CD>	8.18357
c<A2>r<95>R<ARG>A<NE>	8.41026
c<A2>r<95>R<ARG>A<CZ>	5.82065
c<A2>r<95>R<ARG>A<NH1>	11.7746
c<A2>r<95>R<ARG>A<NH2>	21.8943
c<A2>r<96>R<GLY>A<N>	5.21505
c<A2>r<101>R<LEU>A<CD2>	18.1648
c<A2>r<103>R<LYS>A<CD>	9.14468
c<A2>r<103>R<LYS>A<CE>	4.01451
c<A2>r<103>R<LYS>A<NZ>	24.2557
c<A2>r<105>R<LEU>A<CD1>	0.319922
c<A2>r<105>R<LEU>A<CD2>	15.5466
